uid,firstName,lastName
UGPC001,,
UGPC002,,
UGPC003,,
UGPC004,,
UGPC005,,
UGPC006,,
UGPC007,,
UGPC008,,
UGPC009,,
UGPC010,,
UGPC011,,
UGPC012,,
UGPC013,,
UGPC014,,
UGPC015,,
UGPC016,,
UGPC017,,
UGPC018,,
UGPC019,,
UGPC020,,
UGPC021,,
UGPC022,,
UGPC023,,
UGPC024,,
UGPC025,,
UGPC026,,
UGPC027,,
UGPC028,,
UGPC029,,
UGPC030,,
UGPC031,,
UGPC032,,
UGPC033,,
UGPC034,,
UGPC035,,
UGPC036,,
UGPC037,,
UGPC038,,
UGPC039,,
UGPC040,,
UGPN001,,
UGPN002,,
UGPN003,,
UGPN004,,
UGPN005,,
UGPN006,,
UGPN007,,
UGPN008,,
UGPN009,,
UGPN010,,
UGPN011,,
UGPN012,,
UGPN013,,
UGPN014,,
UGPN015,,
UGPN016,,
UGPN017,,
UGPN018,,
UGPN019,,
UGPN020,,
UGPN021,,
UGPN022,,
UGPN023,,
UGPN024,,
UGPN025,,
UGPN026,,
UGPN027,,
UGPN028,,
UGPN029,,
UGPN030,,
UGPN031,,
UGPN032,,
UGPN033,,
UGPN034,,
UGPN035,,
UGPN036,,
UGPN037,,
UGPN038,,
UGPN039,,
UGPN040,,
UGPE001,,
UGPE002,,
UGPE003,,
UGPE004,,
UGPE005,,
UGPE006,,
UGPE007,,
UGPE008,,
UGPE009,,
UGPE010,,
UGPE011,,
UGPE012,,
UGPE013,,
UGPE014,,
UGPE015,,
UGPE016,,
UGPE017,,
UGPE018,,
UGPE019,,
UGPE020,,
UGPE021,,
UGPE022,,
UGPE023,,
UGPE024,,
UGPE025,,
UGPE026,,
UGPE027,,
UGPE028,,
UGPE029,,
UGPE030,,
UGPE031,,
UGPE032,,
UGPE033,,
UGPE034,,
UGPE035,,
UGPE036,,
UGPE037,,
UGPE038,,
UGPE039,,
UGPE040,,
UGPW001,,
UGPW002,,
UGPW003,,
UGPW004,,
UGPW005,,
UGPW006,,
UGPW007,,
UGPW008,,
UGPW009,,
UGPW010,,
UGPW011,,
UGPW012,,
UGPW013,,
UGPW014,,
UGPW015,,
UGPW016,,
UGPW017,,
UGPW018,,
UGPW019,,
UGPW020,,
UGPW021,,
UGPW022,,
UGPW023,,
UGPW024,,
UGPW025,,
UGPW026,,
UGPW027,,
UGPW028,,
UGPW029,,
UGPW030,,
UGPW031,,
UGPW032,,
UGPW033,,
UGPW034,,
UGPW035,,
UGPW036,,
UGPW037,,
UGPW038,,
UGPW039,,
UGPW040,,
